epoch,train_loss,val_loss,val_accuracy,val_balanced_accuracy,val_precision,val_recall,val_f1,val_auc
1,0.5760916945830448,0.5727653669998636,0.8065052902782102,0.8030907465192068,0.7556263389713898,0.9219905884766133,0.8305595413804667,0.8350252040255928
2,0.37058391488290743,0.3908084164193277,0.9250985699380901,0.925093445205454,0.9288342193651712,0.9252718965428827,0.9270496357809966,0.9788125576022677
3,0.23280370005570392,0.3790447562716066,0.9253776397661154,0.9240230924418041,0.8930820282936485,0.9711905836651256,0.9305000253241107,0.9813061777999083
4,0.20731016779876232,0.3926157944414119,0.9386616240887083,0.9387212385749503,0.9436825715951406,0.9366453673919141,0.9401508009812771,0.9827491292328571
5,0.1803996781539679,0.34667293543031297,0.9427170915778875,0.9423697244871925,0.9354765651371046,0.9544655988118157,0.9448756866214231,0.9865020794043023
6,0.1632729562273259,0.33517071808616494,0.9405874338470996,0.9407640376326223,0.9491007069364117,0.9346144130649621,0.9418018581835963,0.9861744736937312
7,0.1391387339309534,0.3214404732205809,0.9477175539806364,0.94748494076242,0.9434934204111024,0.9555849028174427,0.9495006682185567,0.9864431978929451
8,0.1313707161890833,0.3306270416126501,0.9485179666262444,0.9483123510376941,0.945044465122337,0.9554722127082789,0.9502297314526678,0.9869954801958658
9,0.1264025292033076,0.31004389022982626,0.9481343677261117,0.9480854465616229,0.9493964710930094,0.9497889592815183,0.9495926746311981,0.9876348238019823
