epoch,train_loss,val_loss,val_accuracy,val_balanced_accuracy,val_precision,val_recall,val_f1,val_auc
1,0.3666040837801181,0.32564745985483645,0.9387474097056777,0.938716637123334,0.9417716790674485,0.9343893001311552,0.9380659653875302,0.9861888703023495
