epoch,train_loss,val_loss,val_accuracy,val_balanced_accuracy,val_precision,val_recall,val_f1,val_auc
1,0.4295836526336725,0.40687586249109686,0.9099584314861185,0.9077755032019428,0.8671991837572747,0.9748813509378479,0.9178928889050048,0.9807218493092426
2,0.20895077501201742,0.31641400546429843,0.9416894300029208,0.9410334616630995,0.9283854424768258,0.96119871942751,0.9445071740488529,0.9869205649609344
