epoch,train_loss,val_loss,val_accuracy,val_balanced_accuracy,val_precision,val_recall,val_f1,val_auc
1,0.47520349303600173,0.5574274534291144,0.7852370065446856,0.7839653385207205,0.8571337252314123,0.6783002123753331,0.7573025105394455,0.9071475112370473
2,0.33967546744963284,0.4237968025703962,0.8544950794761064,0.8547129005144426,0.8390980463428382,0.872812032567125,0.8556230614845455,0.9304680300108442
