epoch,train_loss,val_loss,val_accuracy,val_balanced_accuracy,val_precision,val_recall,val_f1,val_auc
1,0.3666040837801181,0.32564745985483645,0.9387474097056777,0.938716637123334,0.9417716790674485,0.9343893001311552,0.9380659653875302,0.9861888703023495
2,0.17351625806409732,0.26529766344971245,0.9569786226427456,0.9569319237684142,0.9625031395217469,0.9503649816727184,0.9563955490881706,0.993033355724763
3,0.14706145588340622,0.2748126856767946,0.9597525439380739,0.9598289728876088,0.949474829244134,0.9705766513534887,0.9599097832786911,0.9906852073996159
4,0.1609892963735465,0.19880674577869492,0.9667141540337717,0.9667348556454852,0.9635367248880979,0.9696459811781126,0.9665816997778025,0.9957437112903714
5,0.1152684543264061,0.21406575475722353,0.9668262197741241,0.9668925003993486,0.957776908882216,0.9762130896886709,0.9669071258313461,0.9935593579904349
6,0.09739178181286097,0.1884633337050478,0.9695547328683586,0.9696026416230563,0.9628539097088844,0.9763397208885045,0.969549922842907,0.996102052555807
7,0.08781430344436308,0.19139227687387403,0.9708019055621875,0.9707913238711952,0.9718095736837682,0.9693032933133524,0.9705548154985455,0.9953126521881515
8,0.08410800330604735,0.19400149597032637,0.9707291347517953,0.97074626080958,0.9680527723850266,0.9731545807404284,0.970596972372046,0.9956453448667545
9,0.08307386754349325,0.19173686837409923,0.9711563118314877,0.9711881035676636,0.9665556820562949,0.9756587571664666,0.9710858867516337,0.9952598324491385
