epoch,train_loss,val_loss,val_accuracy,val_balanced_accuracy,val_precision,val_recall,val_f1,val_auc
1,0.36878738707629627,0.3464480651720136,0.9371364628222592,0.9371653346587638,0.9321134244625641,0.9421602643046608,0.9371099168885999,0.9851150339352324
2,0.1686676203439296,0.25122313911793237,0.9575295699251763,0.9575160066903332,0.9592234559371391,0.9551695191781399,0.9571921952301342,0.9936764819627928
3,0.15566689249555474,0.22798498453956487,0.9539174991925575,0.9541104002329235,0.9248981066124073,0.9874829612437371,0.9551664535041806,0.9949911935872521
