epoch,train_loss,val_loss,val_accuracy,val_balanced_accuracy,val_precision,val_recall,val_f1,val_auc
1,0.4327550226873587,0.4079448645610755,0.9079763326481567,0.9059388448056336,0.863733985771714,0.975050980806488,0.9160230100747776,0.9802706555895805
2,0.2095413299352675,0.3249523543224715,0.9436239510908812,0.9431249995862792,0.9324287977856868,0.9600495689133693,0.9460376204119768,0.9863498780460487
