epoch,train_loss,val_loss,val_accuracy,val_balanced_accuracy,val_precision,val_recall,val_f1,val_auc
1,0.3705225022522465,0.3780344690293272,0.9320672062298614,0.9321709655852153,0.9175215618941853,0.9485335421556828,0.932769857887807,0.9817403290796254
2,0.17323775574531747,0.26629368005993626,0.9548140996746955,0.9547659002076746,0.9613170271556294,0.9471649714326735,0.9541885280941784,0.9927291601826049
3,0.1446403765814149,0.22624697124878743,0.9568693029707098,0.9570651149953349,0.9296546236958608,0.9879441546290807,0.9579134714577822,0.9954049823625994
4,0.125663135394495,0.19083054367031596,0.9703257242395581,0.9702938698661898,0.9747565218702899,0.9652705192337189,0.9699903290592792,0.9965504733244267
5,0.09741468956858561,0.18681782047923018,0.9720855944263705,0.9720802470813168,0.9725410990729005,0.9712369848753162,0.9718886044977693,0.9962487404201605
