epoch,train_loss,val_loss,val_accuracy,val_balanced_accuracy,val_precision,val_recall,val_f1,val_auc
1,0.3666040837801181,0.32564745985483645,0.9387474097056777,0.938716637123334,0.9417716790674485,0.9343893001311552,0.9380659653875302,0.9861888703023495
2,0.17351625806409732,0.26529766344971245,0.9569786226427456,0.9569319237684142,0.9625031395217469,0.9503649816727184,0.9563955490881706,0.993033355724763
3,0.14706145588340622,0.2748126856767946,0.9597525439380739,0.9598289728876088,0.949474829244134,0.9705766513534887,0.9599097832786911,0.9906852073996159
