epoch,train_loss,val_loss,val_accuracy,val_balanced_accuracy,val_precision,val_recall,val_f1,val_auc
1,0.5763683339645123,0.577578793099527,0.8092246743316978,0.8052942368174597,0.7505946496661084,0.9421583194739271,0.8355371476262221,0.8363062765136443
2,0.36212553874929243,0.3905680516227711,0.9249999023092784,0.9250384507049287,0.9300155530908581,0.9236961342860923,0.9268450720419722,0.9790548886384174
3,0.23406188356303043,0.3779340408080877,0.9293572341281885,0.9283139007420621,0.9043850334669002,0.9646444278856107,0.9335433188577702,0.9809500835429691
4,0.20692354791583037,0.3805024481583197,0.9373681989347804,0.9372676757534539,0.9376710816080567,0.9407680527339064,0.9392170141922933,0.9834696706704597
5,0.1818447105363417,0.34808422904868314,0.9398156771464931,0.9394643990456608,0.9326687670386369,0.9516964609607909,0.9420865463344291,0.9860944789160121
