epoch,train_loss,val_loss,val_accuracy,val_balanced_accuracy,val_precision,val_recall,val_f1,val_auc
1,0.25908854954122656,0.3186464838336682,0.9438424544578218,0.9438541777255308,0.9414267961649704,0.945882344427603,0.9436493109802866,0.9874556442383704
2,0.1375984413662125,0.227771192326514,0.9587661441084429,0.9586906962295912,0.9706585551010365,0.9456379468232916,0.9579849070229668,0.994395313692731
