epoch,train_loss,val_loss,val_accuracy,val_balanced_accuracy,val_precision,val_recall,val_f1,val_auc
1,0.44436323510341036,0.37238190600526894,0.889778224815393,0.8898252105287354,0.8843556333660437,0.8937939329748241,0.8890497342372082,0.9563746962538491
2,0.2830328553314584,0.3186277806669642,0.9049937055428476,0.9051346868919021,0.8934775204914871,0.9170428990839031,0.9051068486153494,0.9660335923403187
3,0.25640603606765333,0.31494095637668434,0.9099525606680523,0.9099844550195355,0.9057858924248412,0.9126784617639376,0.9092191145584136,0.9699206185060004
4,0.2468294977028774,0.29293540314047567,0.9120874518437105,0.9123351041040155,0.8935456029464124,0.9332534431986272,0.9129679724373193,0.970987207211659
5,0.2429272658526165,0.3125137211361281,0.9121075112238846,0.9120628828708937,0.9133371032781696,0.9082932785880683,0.9108082081314053,0.9716753835754588
