epoch,train_loss,val_loss,val_accuracy,val_balanced_accuracy,val_precision,val_recall,val_f1,val_auc
1,0.6109571712983916,0.5876242716620768,0.7543689331993934,0.7545836195562048,0.7769213790657575,0.7176294071735227,0.7460992745282754,0.8418286720400553
2,0.507057693890137,0.5644033705152234,0.7745123630045733,0.7744918628755229,0.7746033313454722,0.7780205739405972,0.7763081920584803,0.8604885906111912
