epoch,train_loss,val_loss,val_accuracy,val_balanced_accuracy,val_precision,val_recall,val_f1,val_auc
1,0.09201152377139615,0.05484457925259406,0.993510998415031,0.9934752952386625,0.9980195194498118,0.9888826644540696,0.9934300838419569,0.9996582952992401
