epoch,train_loss,val_loss,val_accuracy,val_balanced_accuracy,val_precision,val_recall,val_f1,val_auc
1,0.11771774542666165,0.09185180325730148,0.9868217994366146,0.9868406341439825,0.9853414656651752,0.9878248739534639,0.9865816070123564,0.9988761577625472
