epoch,train_loss,val_loss,val_accuracy,val_balanced_accuracy,val_precision,val_recall,val_f1,val_auc
1,0.08165195715508569,0.06199903128681056,0.9910085959705538,0.9910075443748607,0.9910272393586448,0.9908596519590105,0.9909434385732728,0.9993792280536692
2,0.026913079398699982,0.05230838919426015,0.9929625198632093,0.9929499756856817,0.9946736294774376,0.9911345284627413,0.9929009252827753,0.9995367261911849
3,0.023083196477415056,0.05789023016614554,0.9923730637620788,0.9923356361913006,0.9976961508114388,0.9869189574747446,0.9922782920721411,0.9995951499733563
4,0.021434919828216097,0.047482238904864194,0.9935058159058408,0.993495042273075,0.9949700867228477,0.9919358358888682,0.9934506444678993,0.9996156792071441
5,0.01998335548710897,0.04751889721517288,0.9935548201039216,0.9935395731086101,0.9956681285217533,0.9913329624930056,0.9934958163543403,0.9996286573681791
