epoch,train_loss,val_loss,val_accuracy,val_balanced_accuracy,val_precision,val_recall,val_f1,val_auc
1,0.5836811579769544,0.5423618000783738,0.7897025352621238,0.7889679413779294,0.8141559315610153,0.742104336479794,0.7764622149517376,0.8793515196290631
2,0.4704158345363184,0.5053491288689291,0.8160574342740656,0.8154797711209365,0.836335754413137,0.7786276023853655,0.8064506237946867,0.9037360623979541
3,0.44056102852489026,0.4847918467916501,0.8278934923481147,0.8284764361569836,0.8007817446582188,0.865665485677323,0.8319604789063886,0.9071331838003573
4,0.42454549412002995,0.47435668167794587,0.8357737904307176,0.8361871317329448,0.8146580068888036,0.8625563459238506,0.8379232295755392,0.9144035830513166
5,0.41742586782694524,0.4752696820884753,0.8348899367761997,0.835655421498654,0.8008358179596867,0.8844897153316338,0.8405866174367149,0.9148126106085013
