epoch,train_loss,val_loss,val_accuracy,val_balanced_accuracy,val_precision,val_recall,val_f1,val_auc
1,0.46445037996504446,0.3922041076581086,0.8632133041323529,0.8629708021754707,0.8481807082370236,0.8879983447860603,0.8676329364560432,0.9424141284688083
2,0.32532821387506855,0.38133816780267343,0.8668797668387275,0.8663282960756695,0.8316218766151282,0.9232431276027394,0.8750407359011746,0.9520674121550271
3,0.29505753674626395,0.3456463860018451,0.8866260943610826,0.8863245378728637,0.865952523322446,0.9174468345975404,0.8909562492615579,0.9594817766390278
4,0.2722948043948369,0.32688157252286737,0.8928216929523893,0.8928818329236623,0.8995843892938069,0.8866750554073629,0.8930830743393214,0.9618203633852374
5,0.26144342071108,0.33132534785606327,0.8909802208685401,0.8912357301060166,0.9145450517062129,0.8648657642279589,0.8890119111134515,0.9623249895657513
