epoch,train_loss,val_loss,val_accuracy,val_balanced_accuracy,val_precision,val_recall,val_f1,val_auc
1,0.6264276433933285,0.46322551415135227,0.818147298412608,0.8174053241116611,0.7706438334673783,0.9100227518338725,0.8345538944478784,0.9083959386341686
2,0.4209773454438483,0.39899056937702265,0.8432421456827799,0.8429342729117991,0.8208259650623101,0.8813646930457052,0.8500187934825103,0.9208264255526639
3,0.386650160589071,0.38285620941148,0.8491374535615068,0.8487141056026262,0.8177814086888788,0.9015587916421977,0.8576290119931231,0.9269012786295041
4,0.3611588899782858,0.36007903474268954,0.8590154711057889,0.8588424183040881,0.8460796439011095,0.8804438475357826,0.8629197583382273,0.9330806220092042
5,0.34735477069755766,0.3593567148491678,0.8599011136481555,0.8597844703279288,0.8516398330604104,0.8743445491158146,0.8628428548205077,0.9332943697987353
