epoch,train_loss,val_loss,val_accuracy,val_balanced_accuracy,val_precision,val_recall,val_f1,val_auc
1,0.36614188728519975,0.34459841959710386,0.8875092899128437,0.8881532106360267,0.859757942328752,0.9206429794612758,0.8891594066860267,0.9578286059617788
2,0.2279304219288088,0.31515355332004263,0.9033853286940071,0.9037282995057574,0.8862881307871906,0.9210332906116383,0.9033267285651541,0.966759725145871
3,0.20547538136381482,0.33541812483806427,0.9067176626579285,0.9065866258860356,0.9088021859511485,0.8999750131934646,0.9043670604410827,0.9691272358997992
4,0.19486124083802506,0.31526398450095,0.9101227324167286,0.9102092130371386,0.9032508545111188,0.91457269329772,0.9088765163477484,0.9705420955115307
5,0.19046046177350917,0.313295565569582,0.9122939328423755,0.912257647377289,0.9105974689653092,0.9104268220443946,0.9105121375092498,0.9717279927918394
