epoch,train_loss,val_loss,val_accuracy,val_balanced_accuracy,val_precision,val_recall,val_f1,val_auc
1,0.33113405155315445,0.32538577761502363,0.9144222200057862,0.9142537220522282,0.9245250866863047,0.9002529316081653,0.9122275819746609,0.974323847309229
2,0.19665338459120335,0.30223864272320916,0.9234476863531424,0.9231847257531755,0.9412048648150193,0.9013348683665415,0.9208385009631701,0.9800047835257721
3,0.17594342231164692,0.25473587262826786,0.930453156091215,0.9306628030298166,0.9142962640386888,0.9480827348012089,0.9308830296822376,0.9816803149044107
4,0.16529990801647196,0.25563308872221585,0.9331986884347493,0.9332937078799646,0.9249031760401545,0.9411890402117649,0.9329750426744492,0.982629389990697
5,0.1600032729408372,0.2645689223914546,0.933745425279621,0.933690875247793,0.9362364048970603,0.929158217442687,0.9326838821782171,0.9830943538124477
