epoch,train_loss,val_loss,val_accuracy,val_balanced_accuracy,val_precision,val_recall,val_f1,val_auc
1,0.41715822683090414,0.38716002594138865,0.8554451210269136,0.8559511110853991,0.8302924420466226,0.8876215573341322,0.8580004246054682,0.9374753064992712
2,0.32403468647535694,0.3609516866969316,0.8718607243671388,0.8715512559087397,0.8832705472766469,0.8521813018690456,0.8674474549683769,0.946821838723287
