epoch,train_loss,val_loss,val_accuracy,val_balanced_accuracy,val_precision,val_recall,val_f1,val_auc
1,0.4290467874833934,0.38234013301854197,0.8772183889602054,0.8770462102456403,0.8795768932021888,0.8683587329965858,0.8739318143141597,0.9487162393899311
2,0.26766225902395696,0.3461509176515893,0.8934971665765826,0.893393865145349,0.8938343076258414,0.8881816713157923,0.8909990242601702,0.9596350514219698
3,0.24366825542813145,0.3395845948530894,0.8998879932099183,0.8997069126176558,0.9037532480051833,0.8905702807784682,0.8971133364962671,0.9636970706851951
4,0.2332850471468464,0.3332217834957676,0.9017854579082495,0.9016648258844873,0.9032037112869046,0.8955781968572629,0.8993747907812331,0.9647781238912326
5,0.22913947495547207,0.3281994540337441,0.9034364232146477,0.9033053277949384,0.9053699195249357,0.8966907559585995,0.9010094372578837,0.9657501975256891
