epoch,train_loss,val_loss,val_accuracy,val_balanced_accuracy,val_precision,val_recall,val_f1,val_auc
1,0.5513851554662269,0.465556753896541,0.8146709023744962,0.8143476811852843,0.8350606162614174,0.7798725711935061,0.8065236072491117,0.898176161889701
2,0.40305933965383656,0.4220122658919972,0.8399391926665115,0.8402424568023509,0.8167790884775636,0.8725889266149225,0.8437621426816629,0.919576100988049
3,0.3670256447291722,0.41259538070564933,0.8438879390981091,0.8443410451600784,0.8111355199429306,0.8926698114839174,0.8499517853591751,0.9254533765410666
4,0.3477175659398093,0.4033194022822597,0.8506050913075095,0.8508308594540193,0.8321073547471481,0.8749115260172072,0.8529727746490793,0.9281296998327317
5,0.33725359222470036,0.3998610046942963,0.8522984491072026,0.852341962384731,0.8466831224663627,0.8569831340620838,0.8518019924010619,0.9286074577908761
