epoch,train_loss,val_loss,val_accuracy,val_balanced_accuracy,val_precision,val_recall,val_f1,val_auc
1,0.5742885310844553,0.5482564743776959,0.7738943251434008,0.7741404511892616,0.8044598315295913,0.7267872107482699,0.763653546388787,0.8664212943503815
