epoch,train_loss,val_loss,val_accuracy,val_balanced_accuracy,val_precision,val_recall,val_f1,val_auc
1,0.5623783488144812,0.5495084392490671,0.7274757428686492,0.7339709594868931,0.6652839826380936,0.851366221839753,0.746909615779333,0.8399074857098365
2,0.4900345113554727,0.487941899736807,0.7889282696009887,0.786531491049574,0.7963342347680089,0.7432118508616347,0.7688565429132478,0.8737126311645957
3,0.4733104006029499,0.4836404959021855,0.7952185705691169,0.7944196999787996,0.7850744902306896,0.7799808247189866,0.7825193684935806,0.8801900248844241
