epoch,train_loss,val_loss,val_accuracy,val_balanced_accuracy,val_precision,val_recall,val_f1,val_auc
1,0.35524736317822525,0.2514377784850414,0.9230152930967468,0.9230570789325119,0.9144797804878645,0.9325619312411947,0.9234323456338753,0.9771002371425088
2,0.23312230366427902,0.2379299610120942,0.9207786193624227,0.9209107012405183,0.896237684643081,0.9509548231533388,0.9227858442538133,0.9775060291469342
