epoch,train_loss,val_loss,val_accuracy,val_balanced_accuracy,val_precision,val_recall,val_f1,val_auc
1,0.5235533442293633,0.5244014986555682,0.7963704584214041,0.7989185212337,0.8456979280373719,0.7494082533888919,0.794646794708555,0.8881816518969772
2,0.41285911182296586,0.48575923412412514,0.8179140103685999,0.8193373362138758,0.8515359939405555,0.7916813288776391,0.8205185496874019,0.9045544036201598
3,0.38510575335522684,0.47115999663892033,0.832664598333709,0.8316380391384275,0.8336942337569566,0.8515846513144217,0.8425444828696019,0.9107901318681813
4,0.3728880189192986,0.4722746106615377,0.8348146580871252,0.8350536562691264,0.8516850180402454,0.8304097895841271,0.8409128586772128,0.9139191351316605
5,0.36693505845759766,0.4639056831193392,0.8379341691723408,0.8367433160866086,0.8364360161305013,0.8598822493004609,0.8479970977185519,0.914567356130972
