epoch,train_loss,val_loss,val_accuracy,val_balanced_accuracy,val_precision,val_recall,val_f1,val_auc
1,0.09559629620248908,0.06819529226772536,0.9896358724920438,0.9896220655457308,0.9911797479769598,0.9878956617010642,0.9895349800255424,0.9992438361816803
