epoch,train_loss,val_loss,val_accuracy,val_balanced_accuracy,val_precision,val_recall,val_f1,val_auc
1,0.39341601557898526,0.4758946377916578,0.8412771508669686,0.837233272294922,0.9387278336392649,0.7182664288711991,0.8138310481878496,0.9479124510111769
2,0.2890674007621769,0.38448595314830597,0.880900753751967,0.8821048704134431,0.8482773580460743,0.9175287724366012,0.8815451136768085,0.9560446262032206
3,0.2673475328946065,0.37267140409419613,0.8872916976342164,0.8881027997793509,0.8625591833885751,0.911964609717927,0.8865741356564214,0.9586445655961515
4,0.25586095640697204,0.36271628788887705,0.8923463601446227,0.8922601594323452,0.8876543027532975,0.8897242211103068,0.8886880566280508,0.9601876392463912
5,0.24978061687199052,0.3632372911617036,0.8926490115158116,0.8924109319232923,0.8915850260673567,0.8854068695853661,0.8884852078737455,0.960396587152083
