epoch,train_loss,val_loss,val_accuracy,val_balanced_accuracy,val_precision,val_recall,val_f1,val_auc
1,0.13328472700531793,0.07025313113058221,0.992225626420725,0.9922040484631157,0.9948713576225396,0.9894299522425537,0.9921431941471403,0.9994763329161186
2,0.07104822241678278,0.06849771064030886,0.9936971504084546,0.9936848529695915,0.9951767124421089,0.9921038748580158,0.9936379179586581,0.999478384406404
3,0.06125249256791807,0.07211554076877771,0.9931711423909146,0.9931346912247587,0.9977658824694194,0.9884484718846525,0.9930853230050996,0.9995864746098694
4,0.05315446273998416,0.057064132521263515,0.9941809256416416,0.99416456778037,0.9961932520251928,0.9920615753678437,0.9941231207981016,0.9996140380286699
5,0.047755707825343226,0.05818253240141266,0.9940985585963816,0.9940909209761892,0.9949861147733275,0.9931090164932321,0.9940466794840465,0.9995878881253563
