epoch,train_loss,val_loss,val_accuracy,val_balanced_accuracy,val_precision,val_recall,val_f1,val_auc
1,0.4733502909951565,0.3343418170174698,0.9027925919965613,0.9026939366343685,0.9075185635754593,0.8943910282987216,0.9009069766171814,0.9667622262101847
2,0.27422727606452846,0.33097659201913676,0.9079379959028371,0.9082216971751513,0.8872609239988164,0.9320982063316099,0.9091270679002489,0.9714785805671076
3,0.24269161141532009,0.2872006238609086,0.9196673907046797,0.9195518390542037,0.9262671913309608,0.9098269265850818,0.917973456438881,0.9768062597847043
4,0.2218582566048218,0.27377071896114863,0.9220923473054672,0.9219656048380676,0.9296248387413015,0.9112988649299367,0.9203706363997309,0.977888680686938
5,0.20943814189246,0.27333160009696167,0.9238398707194028,0.9238580003465573,0.9208536621488387,0.9253838031927221,0.9231131748326737,0.9781607378674805
