epoch,train_loss,val_loss,val_accuracy,val_balanced_accuracy,val_precision,val_recall,val_f1,val_auc
1,0.11115579795129925,0.06053504182599865,0.989920859986433,0.9899485546105328,0.9952565134963833,0.984639207405348,0.9899193924897906,0.9993195240819203
2,0.04094941961910533,0.05572589696643093,0.9919390807164183,0.9919499221942785,0.994065284053575,0.9898714982384308,0.9919639585855452,0.9995405432575509
3,0.03603054519451199,0.06066154006315176,0.9887465228585398,0.9887976136048093,0.9985789934156625,0.9790029866786557,0.9886940989843297,0.9995877826754395
4,0.03434721771189232,0.05048827110002945,0.9920319666127334,0.9920565034353351,0.9967635307378397,0.9873525395889392,0.9920357162185129,0.9996044975002553
5,0.03289548492823643,0.05014594642656077,0.9922641673773104,0.9922852500228767,0.9963353686602419,0.988243487805327,0.9922729313988197,0.9996040783950823
