epoch,train_loss,val_loss,val_accuracy,val_balanced_accuracy,val_precision,val_recall,val_f1,val_auc
1,0.5029491267288904,0.4710282964120867,0.8085818452815215,0.809156826479717,0.844488367774156,0.7621347149902344,0.8012008645845031,0.8981061442042295
2,0.3824683118402651,0.436624123232208,0.8427471112622985,0.8429947208597808,0.8604349656451526,0.822745143768882,0.841168078869399,0.9205311584718334
3,0.35510295237089295,0.4252593718971393,0.8575424049577094,0.8566629818469059,0.8155201613505132,0.9285824318957234,0.8683866392026377,0.9223209356281878
4,0.3406011669479454,0.407149436495344,0.8572715960066187,0.8571563862602142,0.8536329441645021,0.8665782691967592,0.8600568971271499,0.9245426797225826
5,0.3315220801399446,0.40895446803550345,0.8572517780616656,0.8571464092165386,0.8541685063170765,0.8657635006947155,0.859926919433366,0.9249269527499941
