epoch,train_loss,val_loss,val_accuracy,val_balanced_accuracy,val_precision,val_recall,val_f1,val_auc
1,0.4161069804815712,0.32957971945545256,0.9018509435817046,0.9020372184687778,0.8847168067404892,0.921992710914345,0.902970221905903,0.9670879604984554
2,0.279006451845564,0.3463012531181445,0.9048375811463444,0.904472333152194,0.9377314493224314,0.8653435826128744,0.9000844418709149,0.9727869675749741
