epoch,train_loss,val_loss,val_accuracy,val_balanced_accuracy,val_precision,val_recall,val_f1,val_auc
1,0.09369468802395367,0.0654242826406813,0.9896537192887461,0.9896240088911821,0.9931816309841383,0.9859090567635804,0.9895319815918475,0.9991384393410561
2,0.04153570485185141,0.07107834911134978,0.9899635422896325,0.9898964451637396,0.9982288855954692,0.9815067018069218,0.9897971702723807,0.9994477176131509
3,0.036844832498004174,0.06155277091489399,0.9916167364192565,0.9915683287971678,0.9975532774875762,0.9855154983601843,0.9914978515898698,0.9994678294606254
4,0.03449504808441254,0.05493232151885783,0.9922803958191122,0.9922455600807812,0.9965164225132267,0.9878897415512555,0.9921843309252935,0.9995256276920635
5,0.032555419206023686,0.05397511585853052,0.9926645750351438,0.9926404760962246,0.9955572363651765,0.9896271739612341,0.992583348142182,0.999488726622479
