epoch,train_loss,val_loss,val_accuracy,val_balanced_accuracy,val_precision,val_recall,val_f1,val_auc
1,0.4065482838326237,0.374649577828681,0.8808389450506019,0.8801989709240863,0.8885145621285052,0.8613715753067456,0.8747325573826747,0.9524387358680384
2,0.28337425591879484,0.34043282444431866,0.8975059511866187,0.8977178237281074,0.8861369206245092,0.9039509009632422,0.894955273272386,0.963849063425038
3,0.2593778767151852,0.3321186474536544,0.9014957272365216,0.9019142750876438,0.8855396825207147,0.9142275322200373,0.8996549687126567,0.9664742162641364
4,0.24621324091373786,0.3253553070647107,0.9051612378294821,0.9047971035695899,0.9081416501610614,0.8940846396046094,0.9010583239241948,0.9682256456351275
5,0.23963564903646065,0.3235475063425581,0.9058997461780446,0.9058098191331649,0.9021255768705977,0.9031642558509955,0.9026446175572458,0.9685891512209838
