epoch,train_loss,val_loss,val_accuracy,val_balanced_accuracy,val_precision,val_recall,val_f1,val_auc
1,0.43048225851551025,0.3867901673888633,0.8832075472728474,0.8828757734144226,0.9102598303577136,0.8477658074030514,0.8779020549582954,0.9586796242573838
2,0.2794900594120822,0.30324368782750777,0.9074137717305651,0.9075241594875796,0.8964794414536028,0.9192059430230581,0.9077004611343071,0.968908015947779
3,0.2519361278641722,0.2789335460634285,0.9114728682734978,0.9117904731096547,0.8839279547253166,0.9454010024486945,0.9136316037774802,0.9729418737589604
4,0.239576860552045,0.28126549251230853,0.9154654326945219,0.915653854066153,0.8979952951867295,0.9355935442671603,0.9164089384501459,0.9737996440910327
5,0.23476013502852044,0.29532732332575146,0.9162376967908218,0.9162312204033072,0.915349554515821,0.9155458567444766,0.9154476951067282,0.9741588800163131
