epoch,train_loss,val_loss,val_accuracy,val_balanced_accuracy,val_precision,val_recall,val_f1,val_auc
1,0.6264276433933285,0.46322551415135227,0.818147298412608,0.8174053241116611,0.7706438334673783,0.9100227518338725,0.8345538944478784,0.9083959386341686
2,0.4209773454438483,0.39899056937702265,0.8432421456827799,0.8429342729117991,0.8208259650623101,0.8813646930457052,0.8500187934825103,0.9208264255526639
