epoch,train_loss,val_loss,val_accuracy,val_balanced_accuracy,val_precision,val_recall,val_f1,val_auc
1,0.4632392119820292,0.3763316607964924,0.8219848096574083,0.822091284650682,0.8083303170858134,0.8247639818043483,0.8164644642822385,0.8987005134167371
2,0.34969135417279923,0.34217099254541866,0.8448474809564381,0.8449278875543011,0.8327295834219003,0.8469462251811634,0.8397777400418943,0.9198066174725683
3,0.3282831894199819,0.3349990242088764,0.8508445088456503,0.8513039232769768,0.8325638357330526,0.8628359798210261,0.8474296462436607,0.924715816893715
4,0.3198088610575026,0.3306430135669678,0.8536719722875385,0.853682157230012,0.843250239043892,0.853937816008868,0.8485603764819237,0.9269081867687609
5,0.31626513421074554,0.3295956772838912,0.8544117166903885,0.854877875062027,0.836130527499704,0.8665792155808579,0.8510826223769602,0.9273181790283013
