epoch,train_loss,val_loss,val_accuracy,val_balanced_accuracy,val_precision,val_recall,val_f1,val_auc
1,0.07445462626742466,0.09808425734154137,0.9875104402385401,0.9876202867834327,0.9812096155070366,0.9935790144049067,0.9873555761191217,0.9990743883082932
