epoch,train_loss,val_loss,val_accuracy,val_balanced_accuracy,val_precision,val_recall,val_f1,val_auc
1,0.4139606942943039,0.3559896470653864,0.8956426830047471,0.8954905440940106,0.907068178195177,0.8793904450376033,0.8930149050516987,0.9630457176916867
2,0.2653330955575666,0.2889961999201025,0.9129242879015114,0.91310302950501,0.8963012079300553,0.9320183583179812,0.9138109067964373,0.9718859841340376
3,0.24003396628236887,0.31474796072426003,0.9152107721239329,0.9150774388025184,0.9258438780518342,0.9009674410912081,0.913236283262821,0.9747258646936809
4,0.23045629167439605,0.27472408144866406,0.9203298318566722,0.9205063533533313,0.9037299124182407,0.9391867393771219,0.9211172397783587,0.9761945635948118
5,0.2261329823044067,0.291217280713751,0.9202033207083096,0.920183856969945,0.9205506352938488,0.9181241070074931,0.9193357699866943,0.9763961408752284
