epoch,train_loss,val_loss,val_accuracy,val_balanced_accuracy,val_precision,val_recall,val_f1,val_auc
1,0.45282996022002253,0.2994736555598745,0.9173705146437479,0.9174679660321927,0.9096864829650474,0.923946413742822,0.9167609995162334,0.9741924164651081
2,0.289038938050112,0.2880909143668481,0.927677057604129,0.9276034232103839,0.9298949606460367,0.9227082998345804,0.9262876909110629,0.9804299821577331
3,0.2641551545314217,0.26029497243096944,0.9329779652246922,0.9329870137415051,0.9305472371173494,0.9335885479419468,0.9320654116021304,0.9825913032529489
4,0.2457445617430869,0.25072501983998446,0.9341854140700171,0.9342397348177852,0.9291712885381153,0.9378509109091029,0.9334909243222332,0.9832871082331298
5,0.23342496871151552,0.249780511736633,0.9354233447341844,0.9354598161583793,0.9314623875941724,0.9378843913065504,0.934662358289063,0.9837638273470087
