epoch,train_loss,val_loss,val_accuracy,val_balanced_accuracy,val_precision,val_recall,val_f1,val_auc
1,0.07066907768200265,0.05989682013602585,0.9915703625748369,0.9915553022513408,0.9935559991358802,0.9894372756752913,0.9914923600630551,0.9995303204893777
2,0.02478896855666685,0.0589096213127187,0.991628487634335,0.9916367078429061,0.9903678878268508,0.9927927666897912,0.9915788447668531,0.9995499630437193
3,0.021554423050699607,0.05423591935185265,0.9923746002512781,0.9923632216823256,0.9938578726677283,0.9907629830523207,0.9923080147185662,0.9995925223354701
4,0.019864042290043123,0.05243864714967174,0.9927562380153843,0.9927435597397866,0.9944287582307466,0.9909605353139485,0.9926916174998921,0.9996183673576957
5,0.018498138540168872,0.05238766046426777,0.9927203430123871,0.9927127185582515,0.9936829908199732,0.991640444347717,0.9926606668744198,0.9996197974693289
