epoch,train_loss,val_loss,val_accuracy,val_balanced_accuracy,val_precision,val_recall,val_f1,val_auc
1,0.36453255194657197,0.27147290290014686,0.9253777356601034,0.925500977816476,0.9163641261041812,0.9336936147155157,0.9249477077604608,0.9777784060253459
2,0.24357157920516664,0.2741620418358239,0.9318761080839033,0.9316121043012932,0.9457905657401608,0.9140622074595206,0.9296557499307208,0.98322246557872
3,0.22445290170138654,0.23760687048314186,0.9397494157474398,0.939884275775156,0.9302078557946305,0.9488492214706264,0.9394360719059732,0.9850590163873583
4,0.21608315073791673,0.237585107234891,0.9402367991030324,0.9403214313729427,0.9335805013358376,0.9459474401813228,0.9397232846977269,0.9852636386133558
