epoch,train_loss,val_loss,val_accuracy,val_balanced_accuracy,val_precision,val_recall,val_f1,val_auc
1,0.3881967785844639,0.3356112293778072,0.9065987491702622,0.9064828488288019,0.9104028234127081,0.898793430406484,0.9045608788759213,0.9685386311839418
2,0.2197265281314053,0.299129933760653,0.9154939057487,0.9155414170406249,0.9105119161692401,0.9186935579126201,0.9145844396810748,0.973841239651362
3,0.1967129701405251,0.2912880232926408,0.9202183334024782,0.9203402618026301,0.9112396106972137,0.9284296123128981,0.9197542991989491,0.9761289060833479
4,0.1836546941251661,0.2894829628476621,0.9215122057888041,0.9215926297676824,0.9148210970657814,0.9269283657714911,0.9208349361157272,0.977076876379098
5,0.17717674665720515,0.28947494947922664,0.9234437230335214,0.9233460361327173,0.9268886681904617,0.916864990044342,0.9218495819515106,0.978349960021192
