epoch,train_loss,val_loss,val_accuracy,val_balanced_accuracy,val_precision,val_recall,val_f1,val_auc
1,0.554341648524929,0.5059510921019412,0.7747527765168847,0.77468671106035,0.7752456728149724,0.7807243160946534,0.7779753491748911,0.8615045670416632
2,0.45734621735025704,0.4799649634095882,0.796273386281746,0.7965342462515406,0.8147071854759215,0.7726947157390461,0.7931449957443704,0.8846138793005228
3,0.4351858700957425,0.4704865981261221,0.8057170458897361,0.805714964996183,0.8090033077947252,0.8059051341716021,0.8074512490871881,0.8891142539927253
4,0.42454617720818805,0.4644276809007518,0.8097860565136827,0.8096593333064132,0.806093156724703,0.8212403427220162,0.8135962548789668,0.8921308270289585
5,0.41859229391136793,0.46357461323215887,0.8103488646049473,0.8102630333183036,0.8088771081490423,0.8181070025500793,0.813465874715683,0.8926696374741125
