epoch,train_loss,val_loss,val_accuracy,val_balanced_accuracy,val_precision,val_recall,val_f1,val_auc
1,0.45973795577779564,0.44936189993238673,0.8590819705072507,0.8584844578517479,0.8949058805312486,0.809759771073745,0.8502063501652001,0.9443347508562329
2,0.36276710577826626,0.3895037217473196,0.8754739143340724,0.8755910865376569,0.8657224592008542,0.8851459953185208,0.875326488224713,0.9490677778149867
3,0.3451319363730762,0.36586794739447503,0.8870972926840006,0.8873081546312405,0.8717135663538603,0.904503074668568,0.8878056682809937,0.956028138843149
