epoch,train_loss,val_loss,val_accuracy,val_balanced_accuracy,val_precision,val_recall,val_f1,val_auc
1,0.37533485205226214,0.32696148702025507,0.9045155454834606,0.9046787857528533,0.8932585063340236,0.9155089758879139,0.9042468845497372,0.9673687338885983
2,0.22139926269247726,0.3131462430179661,0.9140338697242505,0.9138547591211086,0.9217838228920814,0.9019716502874373,0.9117701228802767,0.9737529852901552
3,0.19889950372663118,0.27595310723000405,0.9227093834702401,0.9229478603728041,0.9074743707170982,0.9387696316011629,0.9228567617453337,0.9773697239732857
4,0.18518501854792274,0.2911898384414949,0.9232370448542427,0.9232584696023779,0.9198642536405449,0.9246798964155243,0.9222657888094761,0.9774631161355886
5,0.17868696540813775,0.28715523396111653,0.9251753685418741,0.9251047647639894,0.927113846937134,0.9204205508651199,0.9237550745768489,0.9784342142005317
