epoch,train_loss,val_loss,val_accuracy,val_balanced_accuracy,val_precision,val_recall,val_f1,val_auc
1,0.4422566910726169,0.426007761214442,0.8517450578115852,0.8530530217415679,0.8071206803587105,0.9161466811108531,0.8581848053293225,0.9270150716014128
2,0.32825882191207884,0.3970714877940372,0.8657719238952966,0.8656996884176174,0.8634502892274796,0.8622151881813384,0.8628322967083749,0.9377495600982007
3,0.30368512202160813,0.3804345863392369,0.8679912188877864,0.8678116125773083,0.8696688766012857,0.8591477502840854,0.8643762990296874,0.9406891598034297
4,0.2906574631467255,0.3780737678644694,0.8720830778378177,0.8720426765269587,0.8688450262463949,0.8700937951495904,0.8694689623142559,0.942359105292152
5,0.28336744612938,0.3811330582432987,0.8737381911306958,0.8738024848858681,0.8667823307402829,0.876903891733119,0.8718137349660132,0.9426725052420173
