epoch,train_loss,val_loss,val_accuracy,val_balanced_accuracy,val_precision,val_recall,val_f1,val_auc
1,0.5607550046045505,0.5221251336141851,0.7837920158788937,0.784170026216185,0.756399152913969,0.83214479322698,0.79246610486004,0.861516962291832
2,0.44842761289761296,0.4982673384054326,0.8015189245565698,0.8018120710147603,0.7782017818891884,0.8390164319655758,0.8074656552792902,0.8823324278374631
3,0.42289030193874183,0.49045189103370224,0.8079927629410946,0.8079812991717844,0.8064319809222428,0.8065263874737054,0.8064791814351635,0.8890921612480922
4,0.4124266369683485,0.48813437264210263,0.8133975193050521,0.8136776317616469,0.7902553659714512,0.8492277967075288,0.8186809581912661,0.8923354673103464
5,0.40823708773971856,0.4872826804577465,0.8127659434420577,0.8128536194474884,0.8035671350214141,0.8239809234337049,0.8136460075832287,0.8924299625504821
