epoch,train_loss,val_loss,val_accuracy,val_balanced_accuracy,val_precision,val_recall,val_f1,val_auc
1,0.12108110752043086,0.058672547604715214,0.9913091495850008,0.9913415954510338,0.9981261261220581,0.9845493195678702,0.9912912377592153,0.9994405734372872
2,0.05273443101497662,0.053668041186956505,0.9929985663215575,0.9930195472689218,0.9974135626581944,0.9886273580561888,0.9930010253620454,0.9995556698725068
3,0.04865216245548775,0.055330204593633074,0.992474810491295,0.9925036119691677,0.9985291571668746,0.9864742588504949,0.9924651033932353,0.9995976957938513
4,0.046756908618853996,0.05104217190964523,0.9934595273940662,0.9934783056317618,0.997413609895849,0.989547235618158,0.9934648512764642,0.9996007660723836
5,0.045887413628070514,0.050687722250521844,0.9936432125495981,0.9936594513161439,0.9970668445294741,0.9902599987550864,0.9936517644884626,0.9996023557143598
