epoch,train_loss,val_loss,val_accuracy,val_balanced_accuracy,val_precision,val_recall,val_f1,val_auc
1,0.5752443303669008,0.5984862240138593,0.7033005090994977,0.7132657516170917,0.6314028988008704,0.8933786452312736,0.7398854852796266,0.8343985690795374
2,0.5070146102830263,0.5287154142790512,0.7640327758508894,0.7673080135840509,0.7170882256327205,0.826505022021385,0.7679186477636846,0.8588778951615428
3,0.4879926866646101,0.5045812025253198,0.7863723978094591,0.7836364008974377,0.7974643634329737,0.7341856906037737,0.7645178777696038,0.8688645868456839
4,0.47851727030492597,0.5030803883761994,0.786945360968161,0.7839119695738435,0.8018650144474824,0.7290861185691861,0.7637456720750525,0.8699933661730925
5,0.4746705702138004,0.5015233021555171,0.7877138363221989,0.7866069311206976,0.7801439222384298,0.7666006042854983,0.773312970515803,0.8710927958877048
