epoch,train_loss,val_loss,val_accuracy,val_balanced_accuracy,val_precision,val_recall,val_f1,val_auc
1,0.4419624723082984,0.4047648000166837,0.8533012685001754,0.8530401953026541,0.8376410646874144,0.8799843926174183,0.8582907995518192,0.9333132697663298
