epoch,train_loss,val_loss,val_accuracy,val_balanced_accuracy,val_precision,val_recall,val_f1,val_auc
1,0.422121964045304,0.3254176406704385,0.9049751100692498,0.904941536697897,0.9062460508141512,0.9013886349331778,0.9038108165303643,0.9674557027762618
2,0.2776874927550675,0.28203955040165846,0.9202123312145598,0.9202995890183385,0.9111601637495078,0.9295336454308646,0.9202552041597801,0.9759042527717143
3,0.2543633559712069,0.26021680469177394,0.9256426629814,0.9258434733690624,0.9068988150332755,0.9470942310961239,0.9265607955748263,0.9792052921119652
4,0.24578806039696793,0.2632194862388788,0.9278522393474428,0.9279574379379063,0.9172125278943388,0.9390900779631272,0.9280223834315826,0.9797824728783201
5,0.24230120857877388,0.26274842719760444,0.9289626249661651,0.9290130102416432,0.9231562256644374,0.9343450316308857,0.928716930318128,0.9802948982782282
