epoch,train_loss,val_loss,val_accuracy,val_balanced_accuracy,val_precision,val_recall,val_f1,val_auc
1,0.4206690253613915,0.34439936401409366,0.9119980671021073,0.9117928512757378,0.9287966599963231,0.8905505439887081,0.9092715991789614,0.9740499774340535
2,0.23678778833341246,0.2656577282837153,0.9305200632577135,0.9306040486858285,0.9218646095725741,0.9392975510497241,0.9304994357734039,0.9811300111644395
3,0.2053933537152827,0.26522849290639755,0.932269784873836,0.9323713212356549,0.9220930126549126,0.9428815564193761,0.932371421415198,0.9822920904002054
4,0.18573795596270362,0.26441146673096855,0.9352031231869903,0.9351404412439659,0.9397770490734749,0.9286521059209608,0.9341814576008022,0.9840460348364259
5,0.17648542813791981,0.24358953018829899,0.939525076160835,0.9395448804764689,0.936612612187316,0.9415948654398363,0.9390971306917983,0.985344210658224
