epoch,train_loss,val_loss,val_accuracy,val_balanced_accuracy,val_precision,val_recall,val_f1,val_auc
1,0.07449300268260606,0.06532961301951609,0.9904164395880612,0.990440620013334,0.9888719118924628,0.9915732377421279,0.990220732513976,0.9993860560030648
2,0.024569894317217872,0.05590027768966099,0.991969195287894,0.991900160864503,0.9948894732338608,0.9886665696043266,0.9917682600287558,0.9995236116213321
3,0.021768006124155515,0.05490411305903331,0.9919997098757211,0.9919010005010109,0.9963396498505261,0.9872774264102517,0.9917878375892754,0.9995695827406916
4,0.02021885151558021,0.05242890317794224,0.9926445073144818,0.9925951623942962,0.9946607685048687,0.9902838328458059,0.9924674749573423,0.9995815539611428
5,0.01925128329407141,0.052044384231059886,0.9926409876091918,0.9925744671716255,0.9954749236672419,0.989458631694596,0.9924576600535298,0.9995865517112468
