epoch,train_loss,val_loss,val_accuracy,val_balanced_accuracy,val_precision,val_recall,val_f1,val_auc
1,0.5163874750983626,0.43276236569945914,0.824395530715898,0.8243792990846583,0.8733713141672619,0.7587080840434148,0.8120118140781611,0.914887539584895
2,0.378270284056796,0.38371890017449933,0.8509877964084575,0.8509890878887995,0.8472951169109838,0.8562142610097324,0.8517313397694216,0.9271721395926915
3,0.34400195330351274,0.39453899426481875,0.8436957943586519,0.8436797462147292,0.8949231107200303,0.7787508986450614,0.8328051613298755,0.9339087225383462
4,0.32147536859780773,0.3613521786151513,0.8643920244695538,0.8643903405689681,0.8693678775872296,0.8575774826472718,0.8634324317642799,0.9375575031808465
5,0.3081342087403822,0.3639775200765604,0.8621625870029517,0.8621572595874314,0.8784197280273492,0.8406031813141684,0.8590954941860152,0.938393463232621
