epoch,train_loss,val_loss,val_accuracy,val_balanced_accuracy,val_precision,val_recall,val_f1,val_auc
1,0.08552364610500617,0.06317378464929281,0.9906272336451524,0.9906253256979277,0.9907405910209585,0.9903695345898164,0.9905550280564673,0.9992711699046481
2,0.029028487086567946,0.057295365767045456,0.9917524690746122,0.9917233715215832,0.9955239741361922,0.9878223750807034,0.991658221439014,0.9994346674772362
3,0.024875263351772193,0.06077612900152439,0.9913320546665901,0.9912873118596839,0.9972116745906074,0.9852888167173983,0.9912143933199208,0.9995018587388105
4,0.02267051529301974,0.05198298113837739,0.9922280887562542,0.9922013624661755,0.9956904829435851,0.988618272081526,0.9921417745931885,0.9995247510816454
5,0.02103317558259852,0.05161353912691848,0.9922772289496063,0.992248640013217,0.995992064640223,0.98841583183885,0.9921894856626735,0.9995353696641879
