epoch,train_loss,val_loss,val_accuracy,val_balanced_accuracy,val_precision,val_recall,val_f1,val_auc
1,0.08098794749317599,0.06948172491035547,0.9889336483505025,0.9889582543971467,0.9857448612929002,0.9920349646678881,0.9888799105018703,0.9993996637723648
2,0.025431126617679333,0.06144618776579389,0.9913436510656952,0.9913029693824389,0.9962940593377125,0.986216180979769,0.9912295052514046,0.9995746025222403
3,0.02228358026057556,0.054522156979715214,0.992071487154972,0.99204931418323,0.9947094080006794,0.9892768326514417,0.9919856825539832,0.9995906763204944
4,0.020708949972892375,0.05323912880637429,0.9923465953630042,0.9923284716535358,0.9944829581160325,0.990062304972176,0.992267707954156,0.9996171489590511
5,0.019545316751926774,0.052901172849397174,0.9924364492535308,0.9924141988999753,0.9950919725998675,0.9896320416399657,0.9923544970465077,0.9996179287925302
