epoch,train_loss,val_loss,val_accuracy,val_balanced_accuracy,val_precision,val_recall,val_f1,val_auc
1,0.6025112439330222,0.5862027565769151,0.7429912076045088,0.742441665070779,0.6927663978002219,0.8770212368976937,0.7740803018834189,0.8230954287829315
2,0.527765141838372,0.5526303035227039,0.7444171310647467,0.7447722972046388,0.7976401300708074,0.6577943035092746,0.7209986540174906,0.8443422809835741
3,0.5044412759167177,0.5288636963292833,0.7730801217995339,0.7729700014025149,0.7604913515546423,0.7999378063868399,0.7797159908769113,0.8524145506834809
4,0.49220611795844366,0.525067852592154,0.7761217647416979,0.7759808816142183,0.7596608885758607,0.8104822892580524,0.7842491114500089,0.8556553411299548
5,0.487821585510248,0.5260394880367072,0.776690260698552,0.7764615121671032,0.750141756686082,0.832480614472898,0.7891692698498796,0.8565179349363122
