epoch,train_loss,val_loss,val_accuracy,val_balanced_accuracy,val_precision,val_recall,val_f1,val_auc
1,0.3091550816189159,0.3258759205597219,0.9117864443298886,0.9117674997555686,0.9111382300504817,0.9101933618535526,0.9106655508632279,0.9721448091249425
2,0.18314472585111052,0.28937478858388993,0.9243177691413367,0.924310714699506,0.923117687370553,0.9237245487569283,0.9234210183582177,0.9780398753591377
3,0.16573326470517996,0.2812593056825052,0.9277640638790269,0.9278370625186347,0.9209748769889113,0.9339026474961951,0.9273937114917401,0.9798326686386927
4,0.15633693810762878,0.288801153702211,0.9280969960278642,0.9280736207014175,0.9281543036354863,0.9261313238353154,0.9271417102249138,0.9802632148661474
5,0.15190611896702347,0.2956804427503167,0.9279040871056489,0.9277758657150434,0.9356554236298418,0.9171217255168744,0.9262958764402068,0.9806777249230414
