epoch,train_loss,val_loss,val_accuracy,val_balanced_accuracy,val_precision,val_recall,val_f1,val_auc
1,0.341630915529312,0.3301530202815523,0.9009065101573736,0.9012582383789177,0.8802239942990561,0.9245936783984597,0.9018634436210431,0.9654663422988279
2,0.20678808604762947,0.33046570245926415,0.9094759298249253,0.9092724622294612,0.9183975970793916,0.8957733865822827,0.9069444205356761,0.9710945486867979
3,0.18893927997687524,0.33374886532523895,0.9132112624806394,0.9129241737778926,0.92726981838904,0.8938772483596639,0.9102673901326758,0.9739685828211346
4,0.17960158184646682,0.3055218064472017,0.9183183634804735,0.9182872344290838,0.9177755567744703,0.9162219747567687,0.9169981077448086,0.9753290790127234
5,0.17498079698853175,0.3214032609360606,0.9167284648467751,0.9164925429769314,0.9279624839491017,0.9008402856207653,0.9142002658741353,0.97562816918804
