epoch,train_loss,val_loss,val_accuracy,val_balanced_accuracy,val_precision,val_recall,val_f1,val_auc
1,0.13045946450890814,0.06855200452445087,0.9921711278137577,0.9921503574196364,0.9952872322772122,0.988923454258421,0.9920951382853146,0.99946946251353
2,0.06849182249922826,0.06819337223162937,0.9937034363080812,0.9936998073485537,0.9941831538121829,0.9931360096226608,0.9936593058405084,0.999449811577123
3,0.05814120463042037,0.07451983195979421,0.9930659038627315,0.9930351148643995,0.997768969955462,0.9882517142477555,0.9929875381708828,0.999609197669648
