epoch,train_loss,val_loss,val_accuracy,val_balanced_accuracy,val_precision,val_recall,val_f1,val_auc
1,0.5163874750983626,0.43276236569945914,0.824395530715898,0.8243792990846583,0.8733713141672619,0.7587080840434148,0.8120118140781611,0.914887539584895
