epoch,train_loss,val_loss,val_accuracy,val_balanced_accuracy,val_precision,val_recall,val_f1,val_auc
1,0.12108110752043086,0.058672547604715214,0.9913027308853991,0.9913402095575464,0.9981261261220581,0.9845493195678702,0.9912912377592153,0.9994397425131992
2,0.05273443101497662,0.053668041186956505,0.9929933953546881,0.9930176250769425,0.9974135626581944,0.9886273580561888,0.9930010253620454,0.9995550099027615
3,0.04865216245548775,0.055330204593633074,0.9924692527002164,0.9925025224654439,0.9985291571668746,0.9864742588504949,0.9924651033932353,0.9995970982457942
