epoch,train_loss,val_loss,val_accuracy,val_balanced_accuracy,val_precision,val_recall,val_f1,val_auc
1,0.517627944332405,0.5754895170039747,0.7841051346920389,0.7840773860885484,0.8218652355083715,0.7251870094407042,0.770505319710408,0.8821560808033402
2,0.41325280767319095,0.5343994299054997,0.8085797755045386,0.808562789906758,0.8324061502062546,0.7725145523356775,0.8013428494872923,0.9010866322227741
3,0.39305510367464036,0.5102191704732114,0.8194862383479034,0.8194858591716,0.819861743957366,0.8186811399240456,0.8192710166158952,0.9056797607376157
4,0.37658169441880107,0.4993559820631895,0.8252878432337962,0.8252976280167879,0.812182345316527,0.8460637021002221,0.8287768910161567,0.9087572183617848
5,0.3717619590070004,0.5001211989475178,0.8256305968911447,0.8256385612103926,0.8148481563814738,0.8425410968789583,0.8284632691045507,0.909154528416342
