epoch,train_loss,val_loss,val_accuracy,val_balanced_accuracy,val_precision,val_recall,val_f1,val_auc
1,0.43469043611539415,0.37473793035915154,0.8302492314313962,0.8298024738707204,0.8356189000197278,0.811609578872278,0.8234392644776399,0.9089882157269251
