epoch,train_loss,val_loss,val_accuracy,val_balanced_accuracy,val_precision,val_recall,val_f1,val_auc
1,0.41884359263312304,0.32259350441079987,0.8750015338840398,0.8763491189070287,0.8295029021356299,0.9368774817214994,0.8799266535518345,0.9547077684030956
2,0.266101910186386,0.2658806177972387,0.8976079168627632,0.8978643451103134,0.8844310152977033,0.9093821207896327,0.8967330389138091,0.9645819928645303
3,0.2445292660837816,0.2569469206412597,0.9012643354997791,0.900982218053702,0.9077462978397078,0.8883105818740618,0.8979232797532812,0.967592248755836
4,0.2303567179006178,0.25689544050947055,0.9021507400178436,0.9027742508694817,0.8766762086198832,0.930779972514421,0.9029183289535347,0.9684604623380032
5,0.22789939787388538,0.2504023974587089,0.9035517175170279,0.9036031116715288,0.897731387965653,0.9059115404363954,0.9018029142726013,0.9687136309590028
