epoch,train_loss,val_loss,val_accuracy,val_balanced_accuracy,val_precision,val_recall,val_f1,val_auc
1,0.1138,0.071240579474,0.9896408046764177,0.9896482814732781,0.9911480222262483,0.9882149018263493,0.9896792888029915,0.9992242783065413
2,0.0438,0.061850317302,0.9915300808864809,0.9915329039652367,0.9921472284284863,0.9909916904340914,0.9915691227760894,0.9995161267116761
3,0.0376,0.061195365077,0.9887123370471665,0.9887630607357893,0.9984733019262816,0.9790388025744955,0.9886605535264629,0.99957445622049764,
4,0.03579299553563082,0.053305167052275323,0.9911453437583193,0.9911777734707494,0.9973893913980683,0.9849606606319848,0.9911360638377115,0.9995977203245513
5,0.034401399483271,0.052064739151170145,0.9920267954147742,0.9920470574017355,0.9959420176450149,0.988162623965962,0.9920370698543177,0.9995969352649264
