epoch,train_loss,val_loss,val_accuracy,val_balanced_accuracy,val_precision,val_recall,val_f1,val_auc
1,0.07254358068349086,0.059208850902887245,0.9909830178619387,0.9909161696403711,0.9937501304330999,0.987784980671129,0.9907585769043268,0.9993985728549587
2,0.02758804581995896,0.0539441415317307,0.9923599454269695,0.9922820330422011,0.9957235070114459,0.9886325956445641,0.9921653819729568,0.9995375751479579
3,0.02469810555089792,0.05301106319723531,0.9924514577645107,0.9923640543993655,0.9962735815402409,0.9882700568867946,0.9922556803880371,0.999574994451629
4,0.023534598162648194,0.051413813081390314,0.9929278435903307,0.9928717612582081,0.9952784020605214,0.9902448494931104,0.9927552454306203,0.999588263083067
5,0.022858626797280075,0.05173631993735709,0.9927986515506219,0.9927195001110495,0.9962438186226688,0.9890120250477353,0.9926147500219878,0.9995925706639114
