epoch,train_loss,val_loss,val_accuracy,val_balanced_accuracy,val_precision,val_recall,val_f1,val_auc
1,0.6681203370044805,0.6040453424840085,0.7156092162497987,0.7243127406598009,0.6474214678707432,0.8636942580568961,0.7400812455968109,0.8347995248580533
2,0.5382228620692845,0.5478703025053305,0.7849984613622443,0.7855905948100264,0.758086949538019,0.7950732428231222,0.7761397082870037,0.8699476322411355
