epoch,train_loss,val_loss,val_accuracy,val_balanced_accuracy,val_precision,val_recall,val_f1,val_auc
1,0.11771774542666165,0.09185180325730148,0.9868217994366146,0.9868406341439825,0.9853414656651752,0.9878248739534639,0.9865816070123564,0.9988761577625472
2,0.05054745830895258,0.08452557142980875,0.9902964097896841,0.9901729355441313,0.9964482478809686,0.9837205779074798,0.9900435089114819,0.999301260401356
3,0.04222965780720799,0.07416280674564336,0.991240842406945,0.991124731887332,0.9970472216470023,0.9850571783293682,0.9910159352135447,0.9994156581026514
4,0.036299564970343506,0.05794428721764135,0.992073257847987,0.9920095731050687,0.9951240349140914,0.9886816180690454,0.9918923656042473,0.9995040888650095
5,0.03215323508366496,0.05782518577152768,0.9921150045527836,0.9920377926054571,0.995886830175833,0.988002950394092,0.9919292252109696,0.9995018093131364
