epoch,train_loss,val_loss,val_accuracy,val_balanced_accuracy,val_precision,val_recall,val_f1,val_auc
1,0.3977853890806803,0.2965086906527122,0.9029793421216395,0.903421845672385,0.8778522453447677,0.9327797829499813,0.9044828701567058,0.9677970132448188
2,0.2435495166410978,0.2800691387805194,0.9205213821703175,0.9205647064407287,0.9158667324934686,0.9234390589994498,0.9196373083088024,0.9761220212772864
3,0.21950115496388817,0.27232715642275135,0.9245153596567651,0.9245953047273769,0.9178948964068582,0.9298992675198082,0.923858088192103,0.9781993988720047
4,0.2071951840177215,0.2679362803934412,0.9259516271504038,0.9260113984341611,0.9204803485769143,0.9299769295504465,0.9252042707490878,0.979055853705309
5,0.20330421590175324,0.26696382298744675,0.9278558105846886,0.9278152060939924,0.9281479208724491,0.9251212975614123,0.9266321377873683,0.9800193756964045
