epoch,train_loss,val_loss,val_accuracy,val_balanced_accuracy,val_precision,val_recall,val_f1,val_auc
1,0.3610757145849434,0.33119026807051133,0.906286765083874,0.9062404513280214,0.9085809186261972,0.9014464203273869,0.9049996086212236,0.9695886148281663
2,0.2085693909729435,0.2828445197332431,0.9223374551842348,0.9224556315100605,0.910809709887214,0.9346883031887181,0.9225945259549423,0.9775341756713705
3,0.18430568306393355,0.2626264256485374,0.928206859521421,0.9283903073053238,0.9111645083508696,0.9473793602732624,0.9289191001600446,0.9805960389705884
4,0.16746031217990986,0.2686132272652021,0.9302746741906724,0.9303073202322528,0.9261071849098254,0.9336865783490567,0.9298814371199363,0.9814894099807809
5,0.16063136422516966,0.26651366850095015,0.9320978341765807,0.9320181954568094,0.9381486088455772,0.923774629708218,0.9309061359809262,0.9824038066083292
