epoch,train_loss,val_loss,val_accuracy,val_balanced_accuracy,val_precision,val_recall,val_f1,val_auc
1,0.08552364610500617,0.06317378464929281,0.9906272336451524,0.9906253256979277,0.9907405910209585,0.9903695345898164,0.9905550280564673,0.9992711699046481
