epoch,train_loss,val_loss,val_accuracy,val_balanced_accuracy,val_precision,val_recall,val_f1,val_auc
1,0.6357182454348362,0.6070846962183419,0.7394476388259261,0.7385386623852144,0.7342236535739034,0.7721228245984363,0.752696473884684,0.817214850224701
2,0.5014988024264856,0.5531555586385783,0.7719289133370509,0.7720702337654879,0.7842438259516256,0.7668488353000323,0.775448791095365,0.8544735357819486
3,0.4681161637110665,0.5390535150066779,0.7869923211695711,0.7867954355405613,0.7917511979246662,0.7940698142878665,0.7929088110909405,0.8673946380445862
4,0.44517569769820203,0.5297119237237832,0.7920928518246947,0.7907700458184697,0.7744759932970235,0.8396440644397912,0.8057444893346185,0.8713698241337013
5,0.43243134603139355,0.5268078386241096,0.7937076576633354,0.7931253277357426,0.7901510948894623,0.8146408058867243,0.8022090894173844,0.872331536849402
